019738	HOME SWEET HOME!
01974E	YOU ARE IN YOUR VERY OWN
019767	TREEHOUSE HUT, CARRYING
019806	A PEACEFUL ATMOSPHERE
01981C	ENGULFS YOU IN DYLANS HUT.
019837	YOU'RE CARRYING
0198C0	OH WOE! YOU FEEL SO SAD
0198D8	STANDING IN DAISY'S EMPTY
0198F2	HUT, CARRYING
019990	YOU ARE IN THE MEETING
0199A7	HALL, BUT NOBODY ELSE IS
0199C0	AROUND. YOU ARE CARRYING
019A5A	YOU FEEL SO COMFORTABLE
019A72	IN DORA'S HOMELY HUT, AND
019A8C	YOU'RE CARRYING
019B27	YOU ARE IN GRAND DIZZY'S
019B40	HUT NEAR A LARGE CAST IRON
019B5B	COOKING CAULDRON, CARRYING
019C04	YAWN! JUST BEING HERE IN
019C1D	DOZY'S HUT MAKES YOU FEEL
019C37	TIRED. YOU ARE CARRYING
019CD3	YOU ARE IN DENZIL'S PARTY
019CED	PAD WITH NO REASON TO
019D03	CELEBRATE. YOU'RE CARRYING
019DAB	YOU'RE AT THE VERY TOP OF
019DC5	THE TREEHOUSE VILLAGE NEAR
019DE0	DOZY'S DROWSY HUT HOLDING
019E8D	YOU ARE HIGH IN THE TREES
019EA5	IN THE TREEHOUSE VILLAGE
019EBD	HOMELY HUT, CARRYING
019F57	YOU'RE BUSY SEARCHING HIGH
019F72	IN THE TREEHOUSE VILLAGE
019F8C	NEAR DYLAN'S HUT, CARRYING
01A036	YOU ARE IN THE CENTER OF
01A050	THE TREEHOUSE VILLAGE NEAR
01A06A	GRAND DIZZY'S HUT, HOLDING
01A10D	YOU'RE WANDERING AROUND
01A1D8	YOU ARE NEAR DAISY'S NOW
01A206	TREEHOUSE, CARRYING
01A29A	YOU'RE ON SOME FAMILIAR
01A2CC	NEAR YOUR OWN HUT, WITH
01A36A	YOU ARE AT THE BASE OF THE
01A3A1	VILLAGE, CARRYING
01A42F	YOU ARE IN THE COUNTRYSIDE
01A512	YOU ARE AT CARBER BAY
01A541	AND PALM TREES, CARRYING
01A5DF	YOU ARE NEAR THE DANGEROUS
01A615	OF SWIFT RIVER, CARRYING
01A6C5	YOU ARE IN A SMALL EERIE
01A6F5	GRAVEYARD, CARRYING
01A79A	YOU ARE IN THE CRYSTAL
01A7C8	BAY, CARRYING
01A84B	YOU ARE UNDER THE SEA NEAR
01A87A	PIRATE'S GALLEON, CARRYING
01A913	YOU ARE IN A COLD AND DARK
01A944	HAUNTED CHURCH, CARRYING
01A9E1	YOU ARE ON THE GRASSLANDS
01AA15	A DANGEROUS POND, CARRYING
01AAB5	YOU ARE HIGH IN THE
01AAE3	PIRATES SHIP, CARRYING
01AB89	YOU ARE ON THE UPPER DECKS
01ABBF	DREADED SHIP, CARRYING
01AC64	YOU'RE EXPLORING DEEP INTO
01AC97	BY BLACKHEART, CARRYING
01AD36	YOU ARE DEEP IN THE HULL
01AD68	BELOW SEA LEVEL, CARRYING
01AE0D	YOU ARE ON CASTLE STREET,
01AE27	WHERE YOU'LL FIND THE
01AE3D	SHOPKEEEPER, CARRYING
01AEDC	YOU'RE IN THE VILLAGE OF
01AF0C	BRIDGE ST., CARRYING
01AFA7	YOU ARE IN DOCK ST. IN THE
01AFDD	CARRYING
01B068	YOUR FEET ARE SINKING
01B095	CLOUDS AND YOU'RE CARRYING
01B134	YOU'RE NEAR WIZARD ZAKS'
01B14D	MAGICAL CLOUD CASTLE,
01B163	CARRYING
01B1F2	YOU ARE APPROACHING ZAKS'
01B2C2	YOU ARE IN THE CENTRAL
01B2EF	CASTLE, CARRYING
01B379	YOU ARE ON THE LOWER
01B3A7	ZAKS' CASTLE, CARRYING
01B44E	YOU'RE IN A DANK AND DINGY
01B481	AND CASTLE ST., CARRYING
01B52D	YOU'RE IN A SMELLY AND
01B544	DARK TUNNEL LINKING CASTLE
01B613	YOU ARE IN A DARK PASSAGE
01B62D	BETWEEN CASTLE ST. AND
01B644	BRIDGE ST., CARRYING
01B6EE	YOU ARE IN A LONG DARK
01B71D	AND CASTLE ST., CARRYING
01B7C5	YOU ARE IN THE PASSAGEWAY
01B7F4	BRIDGE ST., CARRYING
01B891	YOU'RE WALKING THROUGH A
01B8AA	PASSAGE THAT LINKS CASTLE
01B8C4	ST. TO DOCK ST., CARRYING
01B966	YOU ARE IN A SPOOKY TUNNEL
01B981	BETWEEN CASTLE ST. AND
01B998	BRIDGE ST., CARRYING
01BA43	YOU ARE IN THE DIAMOND
01BB11	YOU ARE UNDERGROUND IN THE
01BB43	RAILWAY TRACK, CARRYING
01BBE7	YOU'RE IN THE DEEPEST AND
01BCC7	YOU'RE VERY BOLD EXPLORING
01BCFC	CASTLE AND YOU'RE CARRYING
01BDAB	YOU ARE IN THE RECEPTION
01BDD8	ERRIE CASTLE CARRYING
01BE73	YOU ARE IN A SMALL DEEP
01BEA0	FLOOR, CARRYING
